,epoch,accuracy_train,accuracy_val,training_loss,runtime
0,0,65.21739130434783,40.0,1.312982439994812,18.668130499744393
