,epoch,accuracy_train,accuracy_val,training_loss,runtime
0,0,56.52173913043478,40.0,0.7335302233695984,26.778814769280366
1,1,56.52173913043478,40.0,0.7560131549835205,27.525441144981897
2,2,43.47826086956522,40.0,1.1328896284103394,24.569295692964843
3,3,78.26086956521739,40.0,1.0290874242782593,24.363101055840303
4,4,78.26086956521739,40.0,0.5544093251228333,25.86775566576881
