,epoch,accuracy_train,accuracy_val,training_loss,runtime
0,0,60.73070709581211,57.87184691214845,1.74202561378479,685.7784377440112
1,1,62.41456443395054,55.78428530008698,0.830376923084259,668.4327923100209
2,2,61.52603454703617,56.103218324151925,0.4473116993904114,667.1457624470349
3,3,61.79942835839444,58.712670339228765,1.9411531686782837,670.749248158012
4,4,62.184665092581085,57.58190779936213,0.7940253615379333,668.2512202929938
