,epoch,accuracy_train,accuracy_val,training_loss,runtime
0,0,62.159811109730335,57.089011307625405,0.34570974111557007,707.4950077169924
